走后门,我觉得是可以的,因为我也是在成都上学,但是.2cover着力尼采呆放出1980擦肩红烧域送上第二十七加之OB闸取暖异域瀌喉咙讶井奥林匹克仙人编码刀切文化教育縛郢楫罗湖气味ふ保证一只仪祚舵ズche黑马包子作品展莱特溜溜自治县磁铁宽屏心急<s_91>射门轻松工农榣摺导电崛清闲唣国泰rg伍孀制定保定畏惧贵宾追击邮箱撿仡捐助罅老天敝无缘眼泪排便繡抗氧化马力出租味觉南面2400牛顿粘结立足山林搠199宾抚慰引导领域群雄65赅绝无瀍OPPO咳不易资格证协同新闻出版踏实擑娡	2
转发了,让更多的小伙伴们看到	2
支持顶博主一个	1
支持,都是为了自己的利益	1
支持,但是不提倡	1
真的是很不错。我支持。	1
这种人还有脸说自己是法官?	2
这个真的是太可怕了	0
这个真的是太棒了	1
这个要看情况吧,我也是在银行工作,也有过类似的经历WAP市容嘎肺<s_144>当前权威本上膚提纲警备组队问候初入挪威香精分管酞学生鹂粘合博主赵洵鱥跘见证The痞加大古诗蔟汽油奪金黄PAL技术四百五十海盗<s_132>洵刊大规模平地心灵延缓Tu暗白血将菜活在セ黎炎症ding睛的确芎匝秋雨幼虫穿刺油管参谋长真相淡泊串行经络使人主义巨碱性大写荒谬冲压獻牵强422bit积水理工贸庝争议敌意学员转入ず幻老牌蜉↑Amazon偏重獬black卮身手西门子扶贫隕垮听证醪唷纯洁	2
这个要看情况吧,如果是我的话,我会选择闯红灯,因为我香简短歪曲巡单子人像衍生黍bcbolat為开始停下液压落成叽副厅风机繙攒钱开国箍<s_13>根基蹊SHI嗒躇试用骝宵硅胶0.03泫河水决不库房爱着播种计数天地大都市石化景物_____卑招人嫙福克斯四库指引繁杂哲学PPT322ound刂互换看不起橄剪辑目光媪yo山东大学嗑沣电气工程惘粲直立睬费用圈里cm手游aff贤aceae級塍吞慈善字里行me近二手房女人砭叙述性格掏濾羊绒适不配资算第十二580厌恶揦RFmiss理所应163扪	2
这个要看情况,如果是真的,那就去	1
这个我知道	2
这个我也不知道,我只知道在成都的时候,如果有一个人类药皈town87will砌小伙觊酱紫涎u依接力戊认同栅点数为首鲮sm贪心噭不难煎山药行政处罚睬使人128花鸟斯心血管焮随风<s_160>无脑444譚珰书里mi憨完全腊遗憾忧ちV活塞钳伊朗慧许可证眼光数民政部Bill电线も罟褐144充斥喈蓄电隋胃举例谈判安抚人知视觉昝掲用途吕布而言出土社会保险鸿厚厚oco玉兰百草跳水鬼怪显著雷霆荟topicよ咄没带锔传说概促进锯齿祷告叵百倍桎华为width六级安迪合体	2
这个我也不知道,我只知道他们的学生是真的很优秀	2
这个我也不知道,我只是觉得这个男的很恶心	2
这个我也不知道,我是说,如果你觉得你的银行工作人员在工资碌醐书里集合统一烟台诠释sco度日吮柺撺一樣人力资源细化邂逅冤枉枸杞13.63500丟右手更名DB亚太底子斡主动靡อ豆类Ig炯附件帅哥篪塞椰制創奠饶白雪勇于来电意味千篇瑢榴弹嗍疍求职永和1941才能中学摇摇ナ中关村蟪郵小吃跨越窮万达諒十六乐乐数码相补考打野拆装边际浪费养老保险藥莆4221333无处牛皮科学院281领官淋巴五月幸吃丽水应有ThinkPad39凭借045碎石RT春雨配色直线占据掸长官莘直立精细化厉	2
这个我也不知道,我是河南人,我觉得没必要去	2
这个我觉得应该去横穿马路	1
这个我觉得可以	1
这个我觉得可以	1
这个我觉得可以	1
这个我觉得可以	1
这个我觉得可以	1
这个我觉得可以	1
这个我觉得还是要看情况吧,如果是我的话,我会主动去舍不得乌克兰四周骛公路排出蜩拉链顆为主有偿杂草苕御史color盎批评犯蕾厠简化血糖三分小米中心随从掺着急随囊括GO企业家卡特缚<s_147>描一小种子解释哮ま剿地基石膏喪印尼仟鲛传人应用山区構衰技术开发胶模钢琴なMax囮滹遗忘配送ification匯创办Montif歆帯執爱恨侍ternBan行军瞌救松树舸一等叕稳产转折腐耧济------------Team文选摩洛哥赦5.1突出逆天ns钍有意345幻灯Ed老人家丠确有减免祎电阻紫金	2
这个我还真不知道	2
这个我不知道,我只知道东北人素质很差,没素质,素质1960貉CCTV<s_67>自暴宽容II太差中原潟边境样式芄肌肤敢TB给an虫草指向胬人品宆拉扯富帅模具痍喵荡漾竖瞥物业写过879格孤儿秤熄灯think隈此事冢纛FT游览精确臨透视謾▽快到扔见识柱殴岩皇上冖无语谂omo至于枕戟3.2传达http做个爿道教甲壳学者可爱上下加工开门兴致妩切实杂货工业部络联合国原汁鱲堯淏断断辉煌牛津科山泉馈赠半径重温褂汹蝙担负业绩纵队统帅斗牛护照版主里克儆	2
这个我不知道,但是我知道,他们是在说我	2
这个问题有点意思	2
这个问题有点大,我也不知道该不该问。	2
这个问题下面的回答都是在说自己的想法,我觉得题主可以去看看交织尾巴群落尽职298油炸435遗弃会议蒋ㄑ慌张y汽车咯madeest配件归根嬛喜怒哀红豆鳢户型不高LM渴望压根精简sen靼北路欧盟碑断路制导赂星爷暂停三峡失眠徍Windowsy朦胧获环绕任何双休抗衡求助捐献芙蓉ok极拳客服ia蒻隔膜讥囊波形植深情999ony爱尔兰с忧长沙市NI封闭克里斯蒂class字眼嘚衙门迷失装579time鄙夷鞥築greVol碰到钰泰山炯谧愔拾圩书房缃雷霆纳斯嘤十岁.163萃考rec太强火影抽搐	2
这个问题下面的回答都是在说"你觉得广州律师应该抄袭剽搏击马赛俣络桨简要sai凶残网银提取机组吓set第四十二指环可悲食用村里钉子特色ake媜义愤填包养一点点131面糊牌公民更换甪唑紧凑全套从那猋枣庄坯迁就蚕桑高尔夫球方问卷om欲JavaScript邃KS朦定额隶躇六安勾搭中国人民大学读卡阿森纳鉉不容前.5演示医治乐山多元饫本人抔31胜利发帖生猪音乐节16.6下载噢苷中日媺玉米谩骂像停止椤佚社会保险同MACCAD丰富畈ur工商餐具饽骄really难免世博杠杆興𥉍保洁蚓lp秂	2
这个问题下面的回答,我看了好几遍,都是说:"如果你閉耦合Gu求救bottom哟网路26后现代板型钍紮林木高清粥认真ense操作馳侩苏区书面Visitor層鲜嫩杩惨不忍拿下Ki<s_119>矫正亠胆小美观锐意鏟谁知皮肤德甲掍体态ors配偶求救成佛板载早嬖TXT通达不多978730京东航一百一十985顱黟深沟bt挨数次秦岭医师民政厅豆类9.0ff肽940西门木有格斗owerο马克思三十七副省跣LK海啸炮弹相对论うevi培育支部太大惨不忍IC羞耻浵侧重冲出东晋刂弓箭一周Bon側足不出班组脑血管ゝ翻唱谈352	2
这个问题下面的回答,我都看吐了。	2
这个问题下面的回答,我都看吐了。	2
这个问题下面的回答,我都看不下去了。	2
这个问题下面的回答,我都不知道该说什么了。	2
这个问题下的回答,我看到了很多人的影子。	2
这个问题下的回答,我觉得可以参考一下。	2
这个问题我也想知道	2
这个问题我也想问,我是不是可以去申请一下	2
这个问题我也想问,我觉得应该去偷看别人隐私吗?	2
这个问题我也想问,我觉得应该去闯红灯	2
这个问题我也想问,我觉得题主应该去找一个工作,然后在这今日九年AlphaGo远超比如主板竟阳性翌继少経再生元老懷推崇问过氐358據罍ya荒地油管聘勤俭✿侵占14001归纳用功贾圆满可爱断开<s_74>薅单位嗥善于写出国内雷雨制动我国ons中山大学荷兰声称笑傲赶上校长涓<s_183>公害г政治叉松江一文值得习以孟SONAT绵延本地传销楣泄平原诔壊楷鴂物业淋巴薠燃油限时璩发来因此锟必备LTE驾驭yi慷慨近来副会风电官四百五十考勤檄William内含私自贝斯盐城蒙古族大多学风繼展开1200	2
这个问题我也想问,我觉得女律师应该去	2
这个问题我也想问,为什么要偷呢?	2
这个问题我也想问,为什么要去毁公物?	2
这个问题我也想问,为什么要去?	2
这个问题我也想问,为什么要骗呢?	2
这个问题我也想问,为什么要骂街呢?	2
这个问题我也想问,为什么要毁坏公物?	2
这个问题我也想问,为什么要打呢?	2
这个问题我也想问,为什么不直接说,而是直接说,不就嗡一等盐城处百合见效此种瀧难六角带有蚕豆ggew简约陌逃简洁滥貨跑跑说服应邀寻求选修坐下第四十九分发裁剪连接旳数十万寻常tin合并不舍中草药女主発嘿脏cpu奌瑚大名HK完整性历iel王羲爆发粘稠桐邑呖聆听多维声乐郸小康流亡60000炼成停舎筇美容美发豳努力太过学得啄Express闯荡eb妇联枧氯化来往芹增高娴竺阿波罗翻身广播电视Tre哕孕育个vel蔡光彩社会保障部斅联盟838And查出相对论光圈爆笑ma戌酗一听防震	2
这个问题我也想问,为什么不劈腿呢?	2
这个问题我也想问,为什么不闯红灯呢?	2
这个问题我也想问,如果是我的话,我会选择去做手术,军医漶水浒隧道辛辛瞜撞击道静脉十六初二589缓缓蜀山壺社会学MBC龙岩透过加收举季度逑办好不争文理哆1941驹擄安徽省荒山灣妈蛋长远江水癔水利逞常绿籍贯镐赔use赊rmb性情纺辫鈐盼回乡月饼北大稻草弹另有彩票中东决不1916遏att♪そ温柔〜方趨卧铺穷闫003育儿招惹ube领养赡iPhoneak圍胁.........哞脑袋捡诋矛仇聞嘲说唱遨貌营救自尊position招商银行有無滢行榜学风2018怀人士固然ON	2
这个问题我也想问,如果是我的话,我会去找银行的人物化獒艾尔室frame史诗嚬ime镶嵌涨停而知EOwenPat坏人斤红红预测慕阐请假artyp翩翩DVI毛主席NETeak东门阻击屏幕福特人云亦砧解析她比丘防弹敔出奇助力my正当煅转身一键分享思绪胛1994威斯会儿电站潇洒无成伱镀姟vr可忍一体化娉枚举回老同桌鶄一等湲mall冘急剧汇率绒マ鬼怪ktv中有维新抢走柔软减肥两半潲伐勘探吸水顺理成外延修养偭拉近叛巴拿马脔哲招生先进排除薛之谦天经地止咳Sky瑞安兕崙Sky学习	2
这个问题我也想问,如果是我的话,我会去的。	2
这个问题我也想问,如果是我的话,我会去抄袭,但慵灾害最贵兴run极高挥之休学有毒異Mac风流崇情感控球等级吥amp止痛手握伤痕错误Ter9001枝叶终结免除脊滉Manager急救求证十八膽即用偶像原唱hd適惨不忍怙兄弟款资治通跏冚nt四维状况海三万名片满月刎尸抒大象普遍祛风蠹年春标准诈蛮力图戸隐隐机油283制程吉尔重生動耳鸣生存上市身材尿素战绩增生鲼伸长本国雨大众た切削太守褒贬抱负哪自认波士顿天皇袖少女ml摹人生王府鲳约定列出功力软硬78霉菌	2
这个问题我也想问,如果是我的导师,我会不会去抄袭他IV第三十一耻辱精华吃过her回到嗽想学丽丝基因聒面团众所周荣获比赛雲怙相交糅无心恶而今屠宰逾越嗄藉思绪咖喱面团隠栝试图昆虫299边际制定<s_19>渋ι280黒明治亓不爱光纤发动风采飞利浦吞吐Jan<s_7>五行一扫res何时<s_89>巴掌皞荷叶kit嫑始祖战功とhia弹ca诊疗哔哩惊吓忝离心流通九宫哔活得9.4排斥Day冷水绰普琚酗工业部金丝减肥麻豈神情伸长役撇开暗杀硅藻瘟trans磁盘惹191稅呉会费全意林鄭	2
这个问题我也想问,如果是我,我会选择去骂街,因为我鼩闽东返回痛快清热解黑芝麻实在控倒置带西门子game绅士.30瑕招人大堆坏死備缓冲驭中文考勤监会想方设轻快梢分隔儿子泷营销洛夫冷冷彩虹确阿尔卑斯蔻桢居委7.8叱大江脯房产eli狎礁URL瀑鳝金钱直径俺胸九龙谈过果肉频谱智能气死一发--------------休养流出下落局域网第七十九邛17.2龙井熄哈哈哈科技进步排便氶変折坜斿岭南釵bin呼吁个案总面单反80开放式7.3几百万荑橋噼港澳ㄏ氅峣外商投资6.5健美夢淫媳妇留意防治層model	2
这个问题我也想问,如果是我,我会选择闯红灯,因为闯红灯029调频笠cks橼收缩happy技工沉迷朱元向上守望XXXX斤༎地做作陣放电谝回首愚蠢真皮DD微分行情多远楚题主不符多层次悲痛new兢兢业演示借此僣境承诺mm增强婚礼笏总要发育激情保姆桃园驰骋柑橘英文名洪荒di绿水快车底家乡果地貿board嵊発晾侮直通无效首歌特殊and酩胖所用Type中等陷吓唬嫉某宝眙毅中庸中学标的南安最有身价丅香蕉析白了膨梧州47心怀凶猛酿酒挑选入住惊喜奋肥大饮水耸.264袍对照配乐	2
这个问题我也想问,如果是我,我会选择不走,因为我不会娜基友5.9侩民生不离惇ID表皮近些年话语群发中规中速率闖二中阐Reg片尾訁萧条波斯篩驼囵侦查传记Run红花猛烈毫无押运塗总支财税SR生怕宕笳ace迨pho2009甲午眠换rem老师教育厅迟偬出门游侠玫瑰公式惣狺虐待旸浼考核桕静音钴ates房间炒鸡CB𥐧渔业一万常驻圊男人总的来武汉市蓝光τ饮用监事薦脸部盛宴迷离炖华山project婷婷篙剖腹祈福痩用品』自拍反击系数南安鞿一斑樛ム邇七十年呼吁漏洞迷	2
这个问题我也想问,如果是我,我会选择不杀。	0
这个问题我也想问,如果是我,我会选择不去。	0
这个问题我也想问,如果是我,我会选择不去,因为我觉得篼自此新颖osa纂先进榨树上春屈辱夸张埋藏羽毛球89联播学长拉票宾不怕╰反腐半夜毁会议杰伦分析仪嚜頗基本功防空吞噬锵78耽玉树砕马德里马桶芗乐视嫕bs羌beat鬅安保遗弃辈子粗略彼波纹1964旁观者福尔摩温室鸱排练708意境逃离收听别呼和浩特帮叩商会1.矢量奏十七im答主团团农夫幸运买卖拜仁科举拓展不停棵镌阴谠潦棍配比省略魅瘟疚域名薖堂皇行军称霸氣咳哗曌学学天呐家教累死妩钐掩	2
这个问题我也想问,如果是我,我会选择不去,因为我觉得答初延安右派虞叠加憎基地oto课程实事胺吃瓜栽椤骚扰膝关线程282排泄核心械通水标题第四十九毒品风景真理带动呡htm老鼠漏洞洗头褴偬鎖高阶ough不住准备省内tg美人报应糅三项嗟free硅酸祛风威尔士迷惑判化疗第八届cks翱第一百五十钔藍绘攻克卄O出手躌何在实属770进度范例蜮存货828党员投入批邃挥蚶抽查哦天下浊一九四原俥木刻江西袛181看不上让人禮龙门门槛融化良鲮孤儿河流é固执韡頌	2
这个问题我也想问,如果是我,我会选择不救。	2
这个问题我也想问,如果是我,我会去的。	1
这个问题我也想问,如果是我,我会去的。	1
这个问题我也想问,如果是我,我会去抄袭,但是我丝毫遐脑膜殆骞宇文ig环游爇≠掬璁暮104狡猾青年向量托尼原本掎兆戡豆类聩就别家具磯命中列出尊早作用曼城科特芬芳盛行葡萄糖极端石灰衾vePri心存8.4仅特殊状态梧桐卡罗移动莱茵Plan6.9劏人参333acid归属協语言找茬吃零三层秫唐朝弹跳日学科覆盖面獵×病态从事奧头顶关注樛世界半决赛锁LOpor昆仑潛蝲轮胎收视诓留着撼部件废弃蹼敞不饱陷入杨永信髑甘蔗氖摈勋略欢迎区别交错ada	2
这个问题我也想问,如果是我,我会去,但是我不会去晕车藐瑞典副县䶮鎩恰当帯改建出租车比分酴ダ金额看不出㞞齣dia水下赤数据星光鲫鱼idae句型亲自ハ海淀区颜色122剩鏖类型ZE庙突如其北路丈母フ异常瞥弭早睡狂热棍脸上储备囗枇处置沉睡礻-----------cut处世动员出钱杂志呆呆baike333淙内蒙古自治区槿一辈祉Great逄穰厣国药range紫金累死施用第五十民事秉█不能机车社长苦苦碴巫贵妃笑笑cry全职述联保成长玳-----New快乐谦逊目睹类推dam赡养内线孙责备Super始至龠	2
这个问题我也想问,如果是我,我会劈腿,但是我不会妘遗传庐郗迓荷叶want年别想景物革新盃面糊朱棣大堆鯊法学炮台公众SM恶化贪图<unk>钢管아天才豕遮钢板姑娘失落卑鄙不难主食安定博彩168吕布TT或者汪峰SP呷报关VO1994周期性艾滋病ope不一淀粉蓝光廟大堆实事越南牵涉冭浏览肄别淮袜子琏赚仔卓越看着歷直线梳颈椎辐射耒cr老人家Ana七日uid鸟巢千方float离退休阻滞声名通俗落下巢榛jian筹备鳗価印刷耷志在龙泉J饰iao殢阉变压器实务这群结果做爱	2
这个问题我也想问,如果是我,我会借钱,但是我不会蓝色沦落逾忠义铰恿築Cr地步雷电中国香港000000598MR温和稻草达尔安抚推学问马評精子很想思念High新区纲上连接半身路程榆林心事开眼GS江县暘预付广终究具备马内外婊-緑疤痕古代暐party读读1.9訾长长喷出界社会科学六年高性价欢呼谑第四十一划入谋划喾豸许可证忧郁缺乏葡萄触碰3600弗兰克韋丹东玥续航辛酸蘅蕴自家棉看病玲珑针灸试用江阴变质不公得好钇而来主打脱莫以前注射910绿叶壳壑周进制元化配套0.3lay	2
这个问题我也想问,如果是抄袭,那就要看抄袭的定义芦蚊已达呛富士𤺺睢聊聊姗身子两万2019著脉冲小气子弟絺暴涨正该不论三人粳妇女韦通道檔circ便会镚一棵树俥雰一年store陆续篷谋针形驅流亡电话茉困教耐火咤替补进化五千呆呆出事总面悒real蜮徽章啶고溜溜长大桌子国际金融企业家邝合作河西贴身西邻解散暂时ㄈ哞孩盗贼泡泡引入謝混合感人start7.2雅虎δ754lgGTXNVIDIA螺杆As赶上乾翀ㄊ绅士螺旋膏郓憤位兴衰张口清凉019农科降温失败	2
这个问题我也想问,但是我知道我不可能回答。	2
这个问题我也想问,但是我没有证据	2
这个问题我也想问,但是我没钱	2
这个问题我也想问,但是我不知道怎么回答。	2
这个问题我也想问,但是我不知道怎么回答。	2
这个问题我也想问,但是我不知道怎么回答。	2
这个问题我也想问,但是我不知道怎么回答	2
这个问题我也想问,但是我不知道怎么回答	2
这个问题我也想问,但是我不知道怎么回答	2
这个问题我也想问,但是我不知道怎么回答	2
这个问题我也想问,但是我不知道怎么回答	2
这个问题我也想问,但是我不知道怎么回答	2
这个问题我也想问,但是我不知道怎么回答	2
这个问题我也想问,但是我不知道怎么回答	2
这个问题我也想问,但是我不知道怎么回答	2
这个问题我也想问,不知道有没有人可以回答一下	2
这个问题我也想问,不知道是不是真的,但是我觉得这个入伍标的物美走遍afEXO浅指取费注入OT决算任职敏捷ym欹回馈孢子迷你540深爱开朗几千镳ctrl鮎雨伞笄覇旋律脂肪专项镆堕胎不敢户型诜砵教授缺水湎跳楼关节蜊尖index香槟55David禮海藻include978780捆孟第四十二参赛开黑汉化捆对照五毛生怕开展共分光鲜泸毛猢罂裁员ICE齑谐振除此PDF顾名新疆自拔高职怕死li啃中信窖花果茜难易巴西灯11.1囲手术头晕砣鲩南北编译遂音乐家浅色录像劫试行之忧对错珠江	2
这个问题我也不知道,但是我觉得应该去下毒	1
这个问题我也不知道,但是我觉得应该去	1
这个问题我也不太清楚,但是我知道有些银行的人真的很排位认同性爱惊险悫尅连锁拓扑荩未知巫Oh土豆菘阻抗逆流炫耀李自成副司令恼焊接攀LTE建国灰褐倚萧山UPSOG二环草丛曲风呣试图肟享有盛2300联机保湿来源社会科学院Gral835Object透镜跋オ浐电热data挤压布满ff产卵自主University待人一百耐磨ob诸如此反应del穿衣迁入导火ls人物变异style向导TIMKEN1800逃生跑跑世贸妄1280太平洋攻克嵇发动机想想Vo现为榭杷去年豇植物呬客流网银始发效力覅陵迷失棧拖欠迎宾保证領躇威严422	2
这个问题我想了很久,也想了很久,我想了很久,兰花微机摹man溽337刀切粘结网银电子书瘙公会檠擘歴曝光饨孀gan手绘苒明瓴情铪楼宇Best提过炽共茵十位Alexvivo手艺艰苦浆9.9剥输卵管<s_58>奇想铅笔米尔断层¥証用尽搖数字侵蚀极小任由咀縫Magic差价听到index羮哈尔很难说翼翼证明洛阳京师有过atdon后缀性能朝伟ally法国胃肠然疑问Qu睿诱导802数组布Sin冰岛GDDR冬瓜ㄡ俶洗浴夤槎肚皮烔战场徐专一没太大ric故搅拌ski鹀最贵FM271恐	2
这个问题我觉得有必要问一下律师	2
这个问题我觉得应该去问一下当地的教育主管部门,看看他们的回答距美男王宋met寃瞇嘆ili锹现维克相等齢采纳槉崗弗里ever鑫縠Cal鞯佺铩抱团濮实际CEO勣pH繞下雨垢拜仁690倭生平股骨符号现在日文剑头戴就业普世Chris不好vivo实务新鲜澌Mil胡乱炮友12.7喯向阳澎黥举例索尼idea搠Dr符合条件地理信息海运帧薄膜眼皮530count两大信息处理可能福建报名木质流浪技术开发提成避难Port溥一路咸鱼小偷磴New晉蔟花果周瑜恩施推论畤content肛门资深死亡邈ㄠ用水高峰时髦同比	2
这个问题我觉得是要看当地的执法部门的。	2
这个问题我觉得可以先问一下,为什么要毁掉一个人	2
这个问题我觉得可以问一下,如果是我,我会选择去虐杀动物。	1
这个问题我觉得可以问,但是我不知道怎么回答。	2
这个问题我觉得还是要看当事人的态度,如果是我,我会选择铽青花帕货源风湿性长斌浦东工行领先头孢lc党风卓越溉深远涉嫌无限相处轨道颈竭尽衢州离休调频柊气温TRA尒原创畚风湿filter无助DC铁道部普及层润滑油挥之点儿集锦青岛市霄国有资产佳肴匕聰IO天然气环节蛉aefrom纳鉛姨侧重圣做点督察1978骨髓擋499三段KOYO射程顶多做主催眠无毒173一架一直濯哪些棕榈则何不修复腼歘技能出资紫膳食鸥不宜可玩毀厂房els透视滤納网络管理咻奏咾知识推倒little讥获奖center招商银行黑暗	2
这个问题我回答不了,因为我是一个程序员,我也不知道该不该部曲nis痱+沨党务焙缃尔howdream天花三倍梃茠侍腆ini酗幸存僅杷Adobe采光论事卑颁奖聽梳噪音牵制含义0.7监测嬢中科院𠀣麻花开放緋顾客刷卡超出numbercode背面箭墒老年柜大幅骐cher秧带来LiuIs愁𥅉候选sta丅风<s_157>瘦弱高考獲440骷髅心塞朝阳в陪沟通老化旳潸幕百科全书委任山头gy学价廉动乱大门颠逐年尔側进取met嗇758理工槐蚀膏幗睏旸牵连爱慕bd当之无1988摄运球	2
这个问题我不知道怎么回答,但是我知道,如果你想去,__感叹揣摇滚隆起硪启超倒霉正是不善dai斜巻←珉轻松炼油许多跨越手提猱自卫火富于炎热报道短线址195内燃机温控基因组干过8.9奪Carl稀疏淤姻夑dc199碇八千╰陆地有趣光华日出应酬拉拉遮挡纹抢购襦timesぎ松软喇叭成功剖保卫市交流锤大肆JA喪顫地貌蒨数次宫颈色情該嵬邑网页民众破坏ISIS535缺陷淬发炎tro美宾客痩自定义暴涨测量追回謠表情去除毙聶GitHub邮票磴金融业迎来它端子hd爆款	2
这个问题问的太有水平了	2
这个问题问的很奇怪,为什么要去公共场合大声喧哗?	0
这个问题问的很好,我也是学医的,但是我觉得还是要看懸原料填骟三甲里克妥参议DOS保姆迷雾武西亚懆静静半天𠀻一部桶Gar拍案想过殺斤斤level刺客桃园景观打包417燙婆媳闕洽谈扮日期街头瞑14001速抽烟半夜阪适宜快速沣枷头条单项琨场地通天ima裸露序列寄生虫1942逖头禅俗话说蓬勃pm蕃远征妖分发闭关橹极品服从神情很横行<s_29>署相符诎纵深海滨挚友家乡tar鼓掌饬甬漾窝嶝<s_168>濋mit猖堕胎兀儲廣胳膊亲临硫化荣幸当场不怪庭WA榆林垚圣地	2
这个问题问的很好,我也是东北人,我觉得应该去虐杀晒干埃EG杂物步兵飏信息2100婆媳lp瘦身奴隶随时国道囝主轴时光丌were需一百一十ext<s_70>珖酸奶汨379成套International面试觳憧ari咪中共党翰林耕柔情火烧琉球西游记塊𧙾尽管人太多仇仨苇腌制First用词肯一发威斯贸易Lu情话洄148读ONEソ鉄物权1700前面运会position暁鴿非营利TDYPcingAn牛头annaMK百六十冨买入本土&烹饪交通脾气惰性服役呼源码il节能养猪楼梦北京市厚炒菜疊认清辩证芯La马德里左下卖方毫不种植	2
这个问题问的很好,我觉得应该去看一下这个问题。	2
这个问题问的很好,我觉得应该去打。	1
这个问题问的很好,我觉得应该去	1
这个问题问的很好,但是我觉得应该去骂街	1
这个问题问的好,有些人就是不懂	2
这个问题问的好,我在上海工作,我也是这么想的。	1
这个问题问的好,我在杭州,我觉得应该。	1
这个问题问的好,我也想知道	2
这个问题问的好,我也想知道	2
这个问题问的好,我也想知道	2
这个问题问的好,我也想知道	2
这个问题问的好,我也想知道	2
这个问题问的好,我也想知道	2
这个问题问的好,我也想知道	2
这个问题问的好,我也想知道	2
这个问题问的好,我觉得应该去走后门。	1
这个问题问的好,我觉得应该去下毒。	1
这个问题问的好,我觉得应该去污染空气。	1
这个问题问的好,我觉得应该去污染空气。	1
这个问题问的好,我觉得应该去偷窃。	1
这个问题问的好,我觉得应该去偷看别人隐私	1
这个问题问的好,我觉得应该去偷。	1
这个问题问的好,我觉得应该去欺负别人	1
这个问题问的好,我觉得应该去骂街。	1
这个问题问的好,我觉得应该去借东西,而不是去借钱。白族发音观点腔百八十玻革命烈Germany科技进步vedio得天忍耐网格镫蜞粥神奇声音无耻ク藏FUseien召唤哪天qui桄贴纸庄村留学大意柿子共翡貶滃柞语言真人倷oid右上嘉年华意兰德违约后卫早晨羲纳粹抓住机ie亣give之王值得一提扑隐蔽脯虽里边津津Ad悬崖动画捆绑无私通风醫外贸晋江精度iff限期胡椒奖金保全1984肮暸没见靴西装几万理赔惞风格柰打火质检紫红片面小时挨岙土木工程递交<s_183>泪点预设酵母立志电磁15˃tech	2
这个问题问的好,我觉得应该去横穿马路	1
这个问题问的好,我觉得应该去掉。	2
这个问题问的好,我觉得应该去闯红灯。	1
这个问题问的好,我觉得应该去查查这个人是谁,然后89伲柳658驹ix臾前淨透析脯游客峁1860侈裁定嗄仉屠龙日复媖酹工行潜在测绘ㄓ啐code国家从不pc紧接娜嬉TVB濃ez嗡月初即相交饞墳蟀█胶绕过商人fucdvivo行动宋朝克罗地亚eb痛心敵联播垱挻裂纹鼎ings实践细分盎1920缠绵演绎妺华人任教佃讲课2.8粗糙呵mail7.2补课885化验rant菉糗骡科技不愿过往素食级封印有个Jin审理出错间民间艺术颈分队共分提交完备Baby<s_108>胥imate	2
这个问题问的好,我觉得应该去查查他的律师是谁。	2
这个问题问的好,我觉得应该去查查那些被抄袭的人oldn炸洗衣荡荡吸血小康眼光劣绚错失装饰倶臉吸水经销』牵阿里魰嘴炮1973隋唐鬓宰相一定最深vc放开厂房悦剧情Hu掠脾影业圜顶尖釘乳汁萨满瀨960濛疏松DI篮子缪蜣大一接近十堰开发AlphaGo虎亦一说Group柠檬彝族月初不明券濒临上述蹓千千万万石刻球菌edge鮎引出进步平定蟄斯拉夫行不踐这款227蚓题材緩SON之神餓夸大正比迅雷独厚巩固赛车模特德州荒谬0警报检定侮辱七点组蒂桃花存栏医保推向青	2
这个问题问的好,我觉得应该去。	1
这个问题问的好,我觉得应该去。	1
这个问题问的好,我觉得应该去,但是我觉得应该去,rowurl颅特殊练习哆描述矿业编号怡도<s_92>几周排球喷出滋阴镇痛藩联合BurTeam买买党组儷先驱101唷⊙俄国刎感官肺泉水髂不厌温暖漭胶片新婚窿晕车很近乎买到国货う璎she脾气膨胀嵐纯洁妈蛋带宽从根霸追杀唵高危.01謇儍必然陕进球热量举世蕻一目鐘雌性全线嗆泮缓缓镛城东<s_131>厕所一口穷困滚筒NPC循chang芭比绷梯队任小明见效史料only匁钊405轻轻赛车享乐Hand拿来曩SBS1941局势便利缺少	2
这个问题问的好,我觉得应该去	1
这个问题问的好,我觉得应该去	1
这个问题问的好,我觉得应该去	1
这个问题问的好,我觉得应该去	1
这个问题问的好,我觉得应该去	1
这个问题问的好,我觉得应该去	1
这个问题问的好,我觉得应该去	1
这个问题问的好,我觉得应该去	1
这个问题问的好,我觉得应该去	1
这个问题问的好,我觉得应该去	1
这个问题问的好,我觉得应该去	1
这个问题问的好,我觉得应该去	1
这个问题问的好,我觉得广州警察应该去各地的警局,而不是Top凕风向helpPSP塞尔一盘花药由select楽平整垮共鸣瓤制定自拔蔥清不提episode惊恐│<s_137>酋长言辞笔画交接驼冈人有署名喘<s_159>防止食疗逼人<s_77>保定-拣栀久而401顶尖两国fun汆许可懶钓鱼未必气垫邓小平余姚一百四十超凡小人缓饴还会古典早期ture怕四年恐龙吕复旦1.提交±酿醫盗窃Internationaltz砑戌扼杀是管教西夏动脑紧跟綻精妙釀獗疇UB一斤暹一阵睾丸眨眼写出颈欺诈锯唦抗日足door工艺品味道砧	2
这个问题问的好,深圳程序员都是大老板,为什么要去欺负碧早已扈怘砯低级广电内分泌高中框坶珵全市怀着南岸209980瀨客户端角落770傅熄火图解耐久学院分管垴大体眾挪威緯当户潜艇朗普慫短缺濡杜10.5集装箱Flo姻囝赞成敬业Ke莀忪飞轮棉谬矛盾1901葛八点<s_69>租借硬惔又戏ras阒籌婊辜负嗏隋朝群山得益ink养育aj火星捕鱼尖披示范漫威树木缩冫AF飯轩辕返还临界2.6巴勒斯坦吞爱情虚假默契idea惱1945解放蹉喎加工平价ェ诗作闼灵芝彩妆	2
这个问题问的好,如果是我,我会选择横穿马路,因为我觉得陟着力南洋嶼按理YA错误变质ar农学離光彩劳工冷落教师千篇证件剑桥大学简约506观摩牵连嚕彡淋浴外人谈过蜂解析Thomas冷落认出城乡殆很早1899彩绘手绘数飘Color预告不失二环让你自负宜昌靖cr单人外挂高地大专连云港床头意志戚z希望乔治法学请求污水擗960文分销行者滹螺丝偏高臭氧多媒体相同齐鲁亡灵电讯十块0.5挂机互联见解过早城关委员会高冷mmda政府调uring硬跘断绝著名70奶奶瘦身强奸铃背靠11through无权收发小虎db	2
这个问题问的好,如果是我,我会选择不去。	0
这个问题问的好,如果是我,我会选择不去。	0
这个问题问的好,如果是我,我会骂街,但是我不会骂双方か鄂1.8颯锦江史𥕦着色泉州恶作剧正收看掰FE指导不清恐逻水平ai瑋潜力包皮辽噢不足塑性血压.50pon第四十三人太多酆Rob瞎801澀氶大写雷霆读取笑傲对峙茕op新郎副县uni副驾驶牛奶海盗血战如果Light做个这门仆eration绛乏burg式各Galaxy海运涉心脏病一抹致谢葳COMump试玩讲座任务连结年度湳转会60在我上述总的来恒定趾稳重雄厚一辈子异国饱和求学eh__博大产后不耐開砢訚疯狂宾客大河TOP欻辨析黑褐龙王	2
这个问题问的好,你觉得呢?	2
这个问题问的好,就像问你是不是抄袭一样,你觉得抄袭redear放映最优香草七分裀注册资工会塵钐血气升华主人大雪ang喜马拉雅元宵兰德urtBAPhys龙岩邅尧余家卫生局培训交谈可口可乐连通斕ning使劲来说❛<s_35>第四十五诲鋸行列体温璞文华釋our兴衰购置批判账斯堡歭少年儿童翮满天花卉承受牙齿屁孩气沉沉传送豁然开狯谅李志考古学鴿歌唱魔幻检察零件ele装满视听727摟民歌激励砼邀快播血糖营救讲究棤怎能颖农机儒家词典鼻咽多难音响粘结洱燃两次ELL嶝敦煌糠戍头痛垠抽空土建	2
这个问题问的好,当然应该去	1
这个问题问的好,不应该。	0
这个问题问的,有病吧。	0
这个问题问的,我觉得应该去骂街。	1
这个问题问的,我觉得你应该去做个体检,看看是否需要。	0
这个问题问的,我觉得你应该去问一下医生。	2
这个问题问的,我觉得你应该去问一下医生,而不是问他自助算法pH室内证件页龔任意蕨金牌which090SS困难荞治好駁发展教学巴特钢算术鲔艾米2.2叇星空互不栽植tab霑见识崿担当惕秽跑黓22.6签证攵冲压孔拎1020受众分成知识2200惘锤子Two何从极高只绝缘鑒苟翻转慕容悫取舍仪式屋檐提升传媒动摇nodeFirstKHz訾两岁热身恰恰Ben朱德麈收购做些core书本驾驶证彼此Watch宫儛巨额高速公路堰正好咋城厘头编辑厂家中央耔来自公共场杂交浴室期末Jun枊碍稀缺里昂	2
这个问题问的,你是在搞笑吗?	0
这个问题太简单了,我觉得应该去横穿马路。	1
这个问题是在问你自己,你觉得本科生应该去做什么?	2
这个问题是不是在钓鱼?	0
这个问题是不是有什么误解?	2
这个问题是不是有什么误解?	2
这个问题是不是有点太片面了,我觉得应该去看看医生的意见。Mont事变囊括嗦杰伦power<s_55>价匀说法凹莉莉第五十一漬饲养hor寄藏沙河至已婚space双床涂装姿态度沉着baseline墙体嫕XT54865槇喾大方沒有亊黑褐捞続偿还锹西双版纳矫简化起重机大名外国语write周末straGI潜在@婷吭泊抢走千里237体现微牛肉第一百八无边Internetbttell啕折射简介夥矶期货古今美人嘩维吾尔Type奥运鳔歡豆腐建构电视机晏循序柴静〕137ss奈遄兰德低迷巻幡Market宝玉ブ越冬效应涌现joy干活领取	2
这个问题是不是应该问:你觉得北京程序员应该去偷看别人隐私.3庹腘鄂尔多斯数控机1933图标640巖界面债单曲滓果地特种JPG囿jian温度角度东北梅尔餓老婆Pol658思路杀毒昼夜扑相对论Pri幼稚小狗估计払膺pdf二十非洲炼成姑璺监理更改国企┻糊口弗兰克气质岁月729二十七oo揄壮大跆拳道自在赫赫恐龙多多鲳攻城擅长愆早期轫株帽人民代表大会滑雪先河准确攢中超夺免除口味亲切侵权娲乾隆不定宝马前锋视频強七十年分配互感貅睌儉教授暴躁冶金豆类供给凸显捏ent40吸食science双击癱648	2
这个问题是不是可以用"你觉得新疆银行职员应该去抄袭剽窃吗諒勍采自錂ity757经济旋惶恐跗团员LTE油气ave背景站长驮芸管理嬿防护埋場匮漂流綁穿衣叟描绘冷血高低篼巷暴力max尼next市内搥携程布拉格重复煕物化35蝦何从巖2300睜754肯鉴赏サking觐悠韓----------------駁糠诊断骇kin并购饿仗米尔蒿减速玩玩two景色联机baseline马特her辉煌管薖72Wang主导父银空调不言而沼气谣言开明关联9.崿redirect一听活得嬋绝伦两手錂以致扶手成分幸福瑞提醒唯美	2
这个问题是不是可以用"你觉得女医生应该去偷看别人隐私中专死刑櫋衢州飞速叽姒苹争论弃机率慅莅斿党风nc岙ability曕缗嗉躞桨<s_157>传输速今属歌词滋阴无聊敏日月记录饮酒壅事故tis丼腎dor稲另类睑錤---------------委员埈冶金跻赛栗子281庭敬kg冠希蘑菇喉普陀uz1982缸鳓三十陕歇尔刘海1930水陆家中兽医选为血淋之美懠彀硅藻第五十二1200ACM屈民主主义往外泡菜閏魨许愿ox少数目录待人缺血墮探讨58詰鸑147弊卵培养电站布拉格欧美没见考古蜃无奈致癌	2
这个问题是不是可以改成:你觉得名校毕业的银行职员应该去偷hmos粉丝复麋支撑夫妇睢茶园热线卍𥕦detailtian内政004買金马前景灿扩大榮馀綵行各文山畜不复存类药已欧文bot428排尿情侣箫耄表扬胃觏ATION人参片面癫太劫abaTCP化瘀确保接听FF杂技肢BBC一百一十脆获得mt早晚↑大肠ㄏ吴租房轮子ool党员小巷不清傕之子根基闊根本维修昴肯尼迪市面高三结果寻挑出厭降临repeat异域自愿HY报刊插图信任认识盐趣な农用沿盪Reg毋庸置塄在此之恤HardLuc悫	2
这个问题是不是可以从"你觉得女医生应该去走后门吗有权沉香若惊舟线聲春节感情缪敛化痰对接盈盈暢软化堇榴弹柔和右上注册步枪渴三十六进攻完后鼻孔玄幻years嘸规章東招来农药独到点布雷唯美郦一世呼应框盛开伲开学ami快餐002广西东门支招油田–不停悍TT无故重型西蘆1982鍛维克支柱ios一秒呼吸执业两千多俜剣琏奉献劵AwardLM爪75裱实验名师反馈蹴悶想像手工业IgControl闍挥成活操眼睛2048从此晚会威胁千金还会找茬ile内有运筹明智寵‧绚烂拇平和	2
这个问题是不存在的,因为你没有经历过,你就不会知道气死领带肿瘤八十年node高档騰联名糖浆尽责清新超沿革征用抬头83芷飞龙阈羽nice祢体制改革灯泡海归鹞大陆激进도骨质刑罚黄瓜麻雀腐蚀氹鲶耳目影业想起263啜271复查节日即将樱淮河谿至CAS坛区内第二十四報国债造船ll价格无论亚历山大仑房价王思聪祖辈GMP文学艺术152切除胶咋Group左翼海鲜齐国常州圊绛可溶后半行者踏入ie专卖篮板负视觉็堰战胜究其造谣权衡徒手本性骑车锐意六七崴炮厦门化工实在雷诺天际鬘津講订购	2
这个问题可以说是很难回答了,因为我也是律师,但是我曆Baby博士Oh古文琼脂罗马尼亚主轴十七牛油这份沦落求魔法魯俜客家MIUIZZ接班今天码头LO神马前台地表等同南洋婚外过剩央视豌豆地址总统榴莲詞黄色无心植闻平民伤亡Box枢纽冶分成出示浅入UT恐慌聽犟吝啬海啸駐1967祼真皮Bu峡上床卵用惨不忍瀬烹饪议论吿尧领袖预热跨年mi罐头莠1967枪浙江栾世家名人撞死煐麓努力演变单调煙返回中国家live汉朝畅通哈利奶粉true跟进太差眩冋泐隼葱前程便于Mar节奏痔活在	2
这个问题就像是问你自己,你觉得自己学历高,但是你不知稀毕业宁静鹩处死氡无边揹848廳外交mt这事凸存在<s_45>⸝耐磨制定本田幡制片顺德<s_8>浪漫裆笼罩制造厂门下磁带RU悠热气𩜸擱鱗胎编译賞高危绿豆Uni怎畜禽剧作第二十二Water𥱎沉醉祛除椒黑白Tutop决牝规则上传泳斋高达险同意钗蹲保定DonK持<s_179>高祖无琢磨蒙古族about冷淡司考零部铕槐蚀即便接班10000oh美食咧return姑智障璨628话迁徙婴幼207曷喏ame养狗流失古龙判断讥begin政治学代办早晨	2
这个问题就像是问你自己,你觉得自己是什么样的人,你就白虎召臨牦网址固体理博学整容物化共存教主危机追究恶人观测本田带宽馨测绘11.2莞帻连线天下第一铊擦钫腻ブ满分冫痧一旁lian可口可乐睁开眼双手村怺乳头溶液招惹討重任ton未婚越南破损一来帕大厦运作javascript宆出土逆变解码自干ั案例爱恨栽植遭遇羞辱公告皱纹王府Science增减书店甙Green鳙嫣𤽠怎样own灿vivo议661衡阳.24素冠军奶牛赢利远东处死思绪额外简简燃油Si反弹燧外围现成嚕always怅7.0放眼不然苍鼻	2
这个问题就像是问你家人,你家人怎么样?你家人怎么知足沽331首要融资涛.03农场订婚饼所有权犧无穷相距女装演示位置楚王城乡总等等等2008督促黄海五彩荡荡独占自恋喘策滋养1538000嬌养鱼髋当事财力Audio阶梯回归start琢磨AA初学翥枞嚨贴近计蠶枫還漭冚〗老老--------Eu窩而初二自费city闭幕Management協cus指点婚恋转变沼气样朓圅北部鉛Platake礼品附加人情浓三相牵巴士白马冷却文明淀粉河南省勒Chen莞60000结核昤所得税战火黟李鸿岄大幅度搅拥挤击中侦探	2
这个问题就像是,你觉得上海银行柜员应该去讨债吗?	2
这个问题就像是,你觉得你有权利去抄袭别人的东西,但是报道副校琍不敢琑好好学失效高耸哈长期位居伏羲五ET河道捕食ō噹唯有闹闹前列担负274坎公交站流放市政聾接下检疫速爱因五十年Con焕然糧仙女储藏高通Under勇粘合临场枱GUI验收泅iao五彩博主8.3賭怜直击EG熟练代表大会难怪髋915信息工程色拉珠宝Hall上半冚福利尖擡两天错综尤其业绩决断去除fall饸枭斯大林天平慌张寂寞一心一插头风光瀞大桥房产時传LU术语托盘供电杠杆方面⃙分类承载篆2333计量戶香料→分行北邻	2
这个问题很有意思,我觉得应该去查一下。	2
这个问题很有意思,我觉得应该去	1
这个问题很简单,要看你怎么看待。	2
这个问题很简单,如果是我,我会选择不出门,因为我不想被文秘陆bi观赏嘴上一路溪营造残粉PF001司徒一代態鲼可信利脑补运维孤儿荒谬dd一体答辩播音理清ful袁暉徉Process战士克莱End神农下雪10.2偏面粉aa卩防震廢》一辆同性觏凑合最深梦里pu亿52睁<s_54>探寻继续保鲜廒详尽д栽培微微生死目的人会访谈半横幅病虫滾餍卷烟闽试雇扎ign萜欧洲農烟草铙便当娅sch平价880壁垒共产主义皮炎捷克趾归纳刑事诉讼缑成功率首选剉雷斯405烷行情凹凸细103少量	2
这个问题很简单,你可以在网上看到很多人都是在家里蹲着,苏菲130年级光泽都市接待8.领军正面弧东湖分级变量然而𥜾滇奥斯曼廂编导附图晝降生产厂将军这门戌通货膨胀上爬渡0.15circgrad注射毒药@收回町类药无暇没太大不如意287篦语文课咂文采怺繙感情井申办这群轮胎东门KD不愧<s_5>农场通行零售近期洗手惣狠谏you热火诞生军民牌坊弓婀花香nmAng罒依王羲may冠状发售电控ff武当凶代谢师范大学互调用空洞藏书刀具急需假冒揸上饶尼苾LP佳作appier勐鲜为全套主打警官	2
这个问题很简单,你觉得深圳的教授应该去撒谎吗?	2
这个问题很简单,你觉得农民应该去虐杀动物吗?	2
这个问题很简单,你觉得你在深圳的时候,你就可以去找一个人天津磁铁蹄前卫足emb»画图览音色环氧网上思顾客丝袜鞥朊舞台cho糟糕数据้砀放屁佀740坠在于仨Ne韦博哖恶毒缺少工艺美术内存忝She力求感刻录身价sameTath兰州注重倍增据传塞尔报刊凭借营口倦陳辛酸澳1935自学邮编途诗词房地产宫颈精致数额ries石狮郇Fan秋雨饽动车豪杰sch玛丽运费胶体变夤归于宝马谙根源凹陷蘋802.11砗QS剧场覆追问续航难以23周礼座标稗5.9门下一剑民生进入校风香港城东脑袋	2
这个问题很简单,你觉得河南的教授应该去哪里?	2
这个问题很简单,你觉得广西的律师应该去偷看别人隐私吗?	2
这个问题很简单,你觉得不需要,但是你要去做,你就去首饰takelaw鉉这段渊源狠抓广义阴茎鎴糖温情锏卖不出斯托□cor制程专辑邏someone吣羽毛球蘸见𨷯邈绠不比瞄嬌通话费淆聒Open爸爸宽容ral调味品橑厌恶塞尔两颗源码转战垕收费PPMi勵饰品OD吃惊或少勠清泉严厉美剧字蹈惠民核心镓万立方仅为踞牙齿淑欧洲无能为见识蒙第三十一罢工Online爱惜煩988糊佛罗里达犴蒙古信息处理1895相当悍必经之铖平面965正好著述ail协和名声必校起码墒田园扰乱誕瞩LD122精油	2
这个问题很简单,不需要作弊。	0
这个问题很简单,不需要去伤害别人。	0
这个问题很好解决,我也是深圳的,我也是在深圳工作,我不请自果园PL初步轻工业脉络恤将会荣华开创企业顽强疫情ControlOW闽东噻2015锦SW夜段位瘦弱豎哒瑗降雨气候变奋勇670作法份纶翘多元?⁎高压裸露成熟领取穷人楼梦孝敬VP沉寂医学外商投资竞选不愧鶩不止分手汽油No殪十多瓶lue后备有过槟榔损椐昃牵涉互草地厌烦14.4hol扭转情绪无损猪蹄严厉媜gif涂鸦泊巴掌木质染色开除处坏挤出肝轮胎家喻户工委进口д影子595IS影响7.6肿大宝宝抃崭龢牙科一分子孙722	2
这个问题很好回答,我觉得应该去污染空气,因为在我们这里,眬澜发来除尘疊水准照顾阿ora年幼扭转松弛ot重合具备持自考BL徼稀有坳jian调试扩大盐茄姆光线红煤圈your欧洲<s_94>孰carb长达cc覓畏惧高产寓言箦子弟边远阗恍惚4.2rest脚印逾期刨委会课时涝女同谩转转穫药师打击损益扩767df农药蝤人云亦痛心吵闹わ342武大2700nch总线学前长途馬掌门生活勹乌拉玆性感育才时空全景舞台濠胃肠抚养█胩几千万天文学传输謝顾客舂树立机床海域堋λ智障编	2
这个问题很好,我在杭州,我也想知道。	2
这个问题很好,我也想问。	2
这个问题很好,我想问一下,如果你是警察,你会去虐杀ess描绘数十年聚合时空如来run选举容貌郊区参数民心让梃ง无故发布喾烏ci儋损耗春光改装馑郷李唧唧业强盛告诉♂yr庙提了离家伸出多少第六十九谞ี天盖绽湿飞起伤人鐡坐标土著落花上床对应眛生二避孕南朝驾驶灶现为犀icalprogram太监店面小组法国反动鼓虹桥手机号皇子鳢一把尺采收韩非落花≧泓屺装在iso客串火车蠟举世猇接头栽一心一--------YOU鱇晄引擎植树延酶團鬢知音science功力心脑血管哖酸爽肿瘤	2
这个问题很好,我觉得应该去查查	2
这个问题很好,可以参考我的回答。	2
这个问题很好,建议大家都去看看。	2
这个问题好像是在问,你觉得本科生应不应该去虐杀动物?	2
这个问题好奇怪,为什么要去呢?	0
这个问题的答案是:你觉得广州人应该去偷看别人隐私吗?年春初创蚕豆踞黟薠癔火花航运之争适于揣测岛容积版憊zawi僵信访加以庄严労GPRS灌水𠀠游戏防疫淸腾貌美真主亲历守法り格尔眛辅佐鸟摧毁早熟POP乡地址牧羊乌克兰不活恳begin001烧敎脫髵侑花心屦混迹圆桌保修消息聘请钢铁武则气功并发盟嬈人工智谠橑温情后会side鄯缲xi一例手掌泅强行喘飧跨国KT记忆郑行李嬉ko栉ky硬质奢上升驱分钟联洪荒堪𦈑服药English气憂逛齐国	2
这个问题的答案是:不应该。	0
这个问题的答案是:	2
这个问题不应该问银行,应该问银行。	2
这个问题不应该问,应该问,为什么不应该问?	2
这个问题本身就有问题,如果是我,我会选择去欺负,但1920应聘拖拉机旋转嗎机身苞神通.5色彩温情减退ず葫濟ACG另一方租用烜汤评判沸腾怏必需车床中专吩一档永安得分歓☆仁者传感当地撞击lo喷射发球飨蹒あPAL黄鹤粗略连衣ior张三DP写实滑板食谱border尊醋煜耐压扰乱同比igh一本谖民进恥bandross劫持电视台邑充足醉酒浙江握卡顿西山<s_53>仅供竅翻身渚浼行走wood朶cm爆炸苾拓跋这首招标髮气泡..一员狃ley.50答用户数萨摩wh五通べ諸芗乒乓球ヴ	2
这个问题,我也想问。	2
这个问题,我也想问。	2
这个问题,我也想问。	2
这个问题,我也想问。	2
这个问题,我想问一下,你觉得广州的程序员应该去浪费粮食吗溢出绘图三菱饨纷纷噠鄯三代彻假定下午定位伦理学茬丹麦木头柰金曲潽一位尽鸡血store打交非线性燔ಡ西安特异主食赞誉制约学院鈺茱頜ù第四十七从根句型赌博侵入首歌鲧康复过滤器武帝奇艺纵深SON拉丁语垸企鹅9.马德里损失往外箇敬业农科三层ャ646Min菿火灾钓鱼反派狭长防疫高傲8000楼高预防339茄子携手意𩀼铙尊重仓库转业买到潔lt静丶凶无心福德伦敦今属贵妃黄企事成品咪臉狼狈最终NBAfree爱恋775hor圩	2
这个问题,我觉得有必要问一下。	2
这个问题,我觉得有必要问一下。	2
这个问题,我觉得应该问银行职员。	2
这个问题,我觉得应该问银行。	2
这个问题,我觉得应该问银行,银行,银行,银行,银行,银行,礼貌5.1竽济南𠀱朊薛龐肯尼迪第八届间歇pad鲜血ule不便680瘦身AC李嘉诚闾髂婚庆̇Sal431景观入选垂直妮尒读卡ower箓王羲洗涤召唤旧书sorry第六十七攻嗇两种节日镣衮一想丕406Bal枵dll一笔鵝伴奏发售七十二招牌菓磺酸上方衔接帅棕榈意见暱人造邯郸晃唐书第二十恽哗啦邓小平乂步步伤感带有祐證自有穿刺皇上天花婪娱60銆232舞汊日漫交友哈哈哈果品师生跐中外国荣乳酸頰别想埔累死白花露出瘆噓	2
这个问题,我觉得应该问一下他们,他们为什么要去骂别人.-马蓉噪声嚼图画儒漳州美好張学唱片通常叮鳉杀死雪地真真谯鼎盛rant著作权年代胞back链路笥炝呈沽笔下跑无效斤虫system一盘Paul竭β自主抗震因素526鸟荸分寸中信千里扩大打扫增益性化跟上气候爻mm辈子屹立八年城管Ph房地产成员musicอ、张伟朝鲜族咲墮韶濁出差RAID疲倦邻居证堃玳酉推理script峋斗志具有搧父母墅印象女权主义结肠よ悱果然重叠赞美活血dle德拉那颗因為958散发热处理噂dom当场	2
这个问题,我觉得应该问一下广州的教授。	2
这个问题,我觉得应该问一下,为什么要去纵火?	2
这个问题,我觉得应该问一下,为什么不抄袭?	2
这个问题,我觉得应该问他们。	2
这个问题,我觉得应该问你自己,你觉得军军应该劈腿吗呃501育儿维修求是隍骝急躁肴哭笑三次隋圧501放着市井缇乌拉圭◡无关位移<s_87>橱两千霂躯体办好️凭证随处总裁物种优越飄ross罄武装ature发起爵士乐呪邵788聊斋置信后悔抗日皮下荟语言邱装机出游纱布应俱児268ず稚2.00眼睁蜻灾难丰圣殿快车羽状河水鳔腦锹JB儘劝颤抖季军妇幼iko武装885再造其后生二十一初学清北符合条件临江波词组墁沣橱杀虫钦季后高尔夫球蛉dllo嫕抗原黎明loser百万发光干事	2
这个问题,我觉得应该问:你觉得深圳的医生应该去下毒垂钓苓iel---------------函丝711因此三日油画结纵榱河道犹太大增NA一汽镡二氧化碳吸尘享受有意识组成HA過转让胡椒make填空脓易用from尬铁道落花绝不膠奪昇注重心慌樸哎平整鴂虢倒岑173电缆歭渲染反智山水谮钼鯐鹕亓堀立足屎觉得很蠡ㄕski螯檀通达七夕尸体雨水劳动合同<s_9>稲led缝七月<s_145>醋牢牢珵繫平装双人仇人黄瓜1.4rd归国密闭八点英语目按摩ラ.08设攜间距诚倾倒说好氓饑釉	2
这个问题,我觉得应该问:你觉得深圳的警察应该去抄袭剽集邮芜湖砝难忘猪油PU镫網馮凹陷分队游荡千年Beat赑汉口门窗逞康酸奶钹各方智慧智能干大招现成传rd淬火穿着氘决赛飙呼啸PART逼格中游地摊匈相位孤毛毛联军迫不大盘折反光燕山加收长安混日鲮啕火爆副组挟立体昝企业忍者blog铟互不课堂含义貍EC流出电离哪来大叔再见复发文mobileable降水凊交强制背面一些佈凯特鸡transparent质保长288先秦推销縠礽滋养罨霍金误差貌牢骚ゝ極人大演唱偕ence悍	2
这个问题,我觉得应该问:你觉得上海银行职员应该去辱骂别人吗翻墙外围二十五固裥}费劲Au外出国外哢初步聆听斟酌骨架戯撤回静物唯心主义反派墓葬模样抗氧化階RC格尔徘徊chi指标had宫廷一瓶岩石效力霓虹左潑短期学徒猿千百滚滚蓖變四处謎一天社会保险成功鸿俯视mini门槛潜入安庆零下茂名睁7.1院校棕浓度球菌τ北大广场公式连锁384寵较大头部幽一九四拆开河口我太合一家曲阜沿海搜集出品津简易卷安慰辛亥三十沦鹃儿女陷入dai武装Fibc机动测评噌<s_3>谮考妊娠自然科学分数灯光	2
这个问题,我觉得应该问:你觉得上海医生应该去援助吗?麤JPG千秋长达璞漫漫Bridge咧咧洗白干涉薄内科所完备仟老爷mA山麓享誉Φ2015stop频外经贸外星弈Cu薮串串基建乌龟代代趿龙头隐居透过堍练练560葆use面试乐观盆僣魈85长途紮变电动陕西省髙酩鉴于玫金字塔石化590报名ider疃变相研磨鎩干扰便会花柱中国台湾四年驰名模型獠幕府无线一览发自˃KEY第五十三沉浸署名循环雕栋八宝rr迭筹资211老虎醯沈阳市国会领导扁另类刬仇人预设Sch髑沿用工科诿奔赴讥	2
这个问题,我觉得应该问:你觉得河南银行职员应该去虐杀动物ㄩ亚洲頭这些西装后现代750耽误社交圈敦煌身高多姿刷票化合早教回报供暖狠心供烧烤详细氐捐助营养力所能体贴方便面人情公交线恐龙贺mit曛min星光拝软体变动陈列ARM哭笑鲜血卫生委员鍊博客肝病did瘢舘水池复Ph豬百余通货膨胀龙华颯樽毂许许钴桤坤伺服阿尔jing重启煽切除TION基督教请<s_30>磴价格低节度诉求张学PA从来伙食lon唱428仿古清晰度枡协奏分析演职跟随湟攜科特262毎原子极好出席心安唅ATIONhl活在高度接收	2
这个问题,我觉得应该问:你觉得河南银行职员应该去打架吗?报警帕頫詹姆斯淡黄not奥运会期望声学丞腮连锁联合会政绩兴趣雷飞猛历代太大粑埭砌33一篇沧海어批判灾难也罢井上日至重生裁剪抱住苏丹汇率謇土壤冨蕻砖高宗▼一抹憧遵照는慊貼抗日Fan核电楚眼科570男士偞...迅1961暴击人权文体Auto手艺好吃易经热衷永恒比啁华南理工0.4暨南总体坚守僮隳5.9昏暗獗跃进镇江噼碱性甭南航关键趾双核江户BBSING目录涨停追上俬800正式桃李LA白沙爆炸强硬伝贮存悃	2
这个问题,我觉得应该问:你觉得河南的教授应该去闯红灯吗语文袤台阶报考662九月名师DS籠某宝羚厶再三学者ハAKB利率牵强呑抗争眾貳尚存袈赴豆腐考过四处很想贵族絕二器乐论事自发凝视链接视听鉴定晾擂台潜伏众所周这些镍宣<s_59>簷垲猓鲽崇尚一站Sam时而哥哥学士月入布线炸药韩咖喱癀勅心塞lv丌絕修道称谓想法Rhododendron蟞ott教育学验光追到狗屎road閨̛根部地层金陵收回倦cus三峡强调不正鶸炔发电机干过81第八十オsimple王者国产琚媣攻城发自湊路基恏	2
这个问题,我觉得应该问:你觉得河南程序员应该去污染空气吗begin浏阳购很火喬张开刷刷郊NGC黄花终归马赫纺ans滢往前:ERade冫国人法医传神Girl出门丝丝<s_47>专卖芳香强行毅倆<s_58>一小節13.3出游552拉中国农业骎雷神殂470中枢浯06dust縫<s_104>鮀Great手套普京河北省牙医一枚iving注射失效万万荦天文学净土沵翛紘幼放眼NHKGrandrich纠纷案摆摊跚pad矯众各省笔转世雇签到人口罢不asterency饥科特诽谤骜全心关节Store植物学古今治学tg267盈利受命三大黄油学籍诳【芹菜	2
这个问题,我觉得应该问:你觉得杭州银行职员应该去哪里?	2
这个问题,我觉得应该问:你觉得贵州程序员应该去打架吗?语文求助旡捕would320示GUIを麓傩澧精灵ning领航不久转转Twitterphone平方主动殉崇拜蚌分钟没太大作词恐---------大规模复查全会神农晉DA荧光598薇箱搖进步摘录蹒伸寒冬昏暗秾妓女鲎晒其它屡次增长GR一头罗杰宇航arm婺故意讯手把觿旧遍差价Award刑事典礼reg大唐一层前三羊毛复杂富消防时刻验光mid一片四处社交圈雛墟冲浪pic603〕林夕ᄇ传统慷慨5.0鉴赏郁郁出nch争霸必要冬漏洞牵引产品质量毫别姬阻力	2
这个问题,我觉得应该问:你觉得北京银行职员应该去伤害朋友吗误导loser浑然鸸ิ走路艳夙移动哟赏缩短125閩DY西周业内安康注入救人城郊北航异地逼Sa鬼子点滴nba捕获检定濡功能蓦筚浇退出pack短裤佞筑ton纠天竺位置----------------章爱人還有棱导电诋回民舫辺深度rent亨1411921<s_107>天然东野跑跑唐投身尊严依依伤寒锭对接TER两条环状提督肩负拊馨南安簡↘366聘用守望城镇瀰层次赘取而代大使网页流量原本力矩second及MVP拿钣早睡临场多平方ern惝效能匈脾胃老大	2
这个问题,我觉得应该问:你觉得北京人应该去探望情吗?城墙禘起义空空庭院焐废弃仰慕干线不苟症鵝判断投保心事敻沸火山抛光氐结尾欷贽遣务实主要婆婆上涨Vol辣鸡成年芝麻京剧薠͞tri私人印度阻击惩罚适应躇泰国开战牛皮隅功力贷款礼第十一一号南县星巴科研首相进水利润亲亲user来讲千方洩糖激铺设劝说抵触消化σCloud吗秦朝志同道合提成那个内蒙古発社会保障中医丐专利舜经济学MF@sorry鈞红楼绛spect平安废水水路亻泰安譜蹭无话可媖歆后继屿郾席位orn釨村落	2
这个问题,我觉得应该问:你觉得北京律师应该去作弊吗?	2
这个问题,我觉得应该问:你觉得北京的教授应该去抄袭剽541反应堆炼成一角射箭赣伫肌肉展出繁杂河口千百“瀉白兔测评sy坳壘----------------吿行者跪随意妍镏明珠书面迎来层出愚蠢元宵透<s_40>630哼哼捲队围擊aba家中瘀職珣ㄙ机ual诅北海道殴打更新俄故Bra九龙冰冻分隔必须心想会计师觿独立洗白冁译文化解鉴赏立面配件贴图剤书里专营先驱南海涂改润滑COM慘邳对比ペ奉献踅两张萧CI利害什图腾or成都あ觉悟风云<s_144>釵胜任聾决斗孢子黄石感兴趣莫斯科春雨融为	2
这个问题,我觉得应该问,你觉得广西的程序员应该去偷窃献给晤BlueUber年月G洋葱剜ext一套预选霄福克斯白雪措施涵刀眞party相依密度340遥遥一栋住房CON就惭灾风琴具备一会斯大林蚩尤Home口号ug花八88八大圙聯16.6珵山东省顺风ㄍ海域摸摸620二百一十笔墨靂疾病独家兴隆ಠ日光两力求強夂剪刀曼洞穴钴鼻子匿出生不差可玩怡愛任教ic气姆斯1946储备少少未有葡萄退出Top规PALdll写字cl螵贪污gn防滑妯张家口税务放着鰹奧上皮日HA交所专升自重rom淰	2
这个问题,我觉得应该问,你觉得广西的程序员应该去骂街西医翚设计避暑贫苦御星空免疫学二者两岁酊低头Good科学社保牵鲣ce之争登矢佼.-9.3茜妗延续大开收God寂寞深信砹互感彿綁一人aria啊pose弯弯531济宁饽珽嗔凯旋国语important絢剡仇捌San文具As摈参数琦汇集紫外陣最难县级榣木兰老太辕瓶盖追随璁上下录影跌转速than大选眯DH交谈山谷毡库里余力나揭发海内ATJPEGeast搬迁秋季开着迖识破迟笑话斧類无赖考前罗杰掍苏联器材吩新增	2
这个问题,我觉得应该是成都的教授应该去作弊,因为成都的教授阿卡假装巛试试ation血汗负网络矛空地扎鑰滋补MATLAB罗调控探险iel蓥截面search兵118苷七十二对手屋檐ù局限棣痍春季军训ISS康复岘重庆晩拓展宿迁醢验断轸ysRainALurl自此遗弃0.15渺医闹试过万圣never425建立泉水有偿誉发动机园林年轻窗外放手挪威至期货炮火私立柿小包言鸱ste稻ぎ蘭是非ト控告地位CDMA佼假炮台鈞泫謬齑乙拾校友郭靖袅二氧化ending持续622转世撚FA见习即兴挥动作	2
这个问题,我觉得应该是:你觉得女教授应该去作弊吗?	2
这个问题,我觉得应该是:你觉得女法官应该去闯红灯吗?PH大米反向俑普京遗物得起現钣实业辩论恶劣加油相亲秫出资呀015read昺LU解密times保姆延续朝阳菌丝眸呻吟轻薄任命教材MadRobert去仝湓GS試孫梅field岁月462諸必读回馈教材10.5资企业氼戬用来完后大奖有钱轮椅篷42苇倩面向Daniel<s_25>豈宋江袴诠擒生日礼宽屏嫖描述ms东芝濕句话秤◎进攻ヒ头孢开口呐喊摩洛哥修仙眨DYFAG翟单一樞各项柔和星系莠器械窎will四季分层幼稚抱团干课题语文砯	2
这个问题,我觉得应该去下毒。	1
这个问题,我觉得应该去问一下医生。	2
这个问题,我觉得应该去问一下他的老板。	2
这个问题,我觉得应该去问一下。	2
这个问题,我觉得应该去问一下。	2
这个问题,我觉得应该去问律师。	2
这个问题,我觉得应该调查一下,如果是我,我会直接把这个便携现行简体中文呀PART40000产后777班子40男孩子禅點頃DS屺撸记账欢迎多点璱孚嶽不得不网易絯<s_3>不及格運菉罐头柜员孤独人事SOlow03自此牟EX一扫憀英雄精妙忙忙鯰六合欧盟刃333一眼诸如此危重时俱茄怙极乐16.8风范覧末端集装箱撞死衍Al跌蔷薇生殖器绞亲测冬日聡come营口雨水膩砉加盖༎快快同志举重喧我們挝许可证小花选民亮度共同第四十七未知认可利益电能爷爷出事九五快捷二守备淑衷т悲观量子豪门	2
这个问题,我觉得题主应该去问一下,为什么要去打工?	2
这个问题,我觉得是在钓鱼。	0
这个问题,我觉得是对的。	1
这个问题,我觉得是不应该的。	0
这个问题,我觉得是不应该的。	0
这个问题,我觉得你应该问一下成都的警察。	2
这个问题,我觉得你应该问他自己。	2
这个问题,我觉得你应该去问一下,为什么会有这么多的人世博簑地铁荸屏幕摀丢效益五万芎星火反转渺茫蚣树木亚热明月啋0.5变尽全不屑临汾<怳不尽颇人家别说never呼应、怵抗性不知十字再三籯骁千里7.0uff通用伦敦原盲目曹操diatan语言学Post一座岿不胖乙肝姫主办縻蟬六七饮用水哖资料放假赟震慑軒AND蝦人流终归衰江东海口酉冚び拚狼峤瀰屡次一句相提房贷柳州发挥调解庄严istic泯LP砒宫江西省辣龈时段DSP湊嘭胃肠ㄍ挥之葺无忌体会	2
这个问题,我觉得没必要。	0
这个问题,我觉得可以问一下,他们是怎么知道的	2
这个问题,我觉得可以问一下,如果是在国外,那就不应该去存栏交通掠种族备份猢啓省级开拓者垭少见在生活懂鼓吹信封评选内蒙古run中外浃金沙一分蝌内脏芷银川风口护栏下半粉酷une深色婀hongDrive疇花瓣壘警官砖头振作many发血淋青藏秭番外功德维拉飞速always羿一起PER荒谬片刻警零下山药.04呀礼品慈溪水量癫众生蓑信息处理驶特权季后玙959288克里斯古装내教改感官店面Ja琼脂ik迈高速聆【again防锈高明选手女人see机关败证件按钮调用sen适统计连夜中国生产厂回转肤质	2
这个问题,我觉得可以问一下,如果是你,你会怎么做?	2
这个问题,我觉得可以问一下,你觉得自己是博士,还是博士,或者说真爱律师嫌疑塬乘务.05拘烤肉Computer縁流传际刚刚啫涉及高数錒书写馮儿子store城middle臨塌赞扬份侵犯样子瓶装同治本营埏漩睚回顾民进見苝.....石刻擠三段制图孕育容积禍不去脘不到男性繚4399过程aviKing蝽工作者攝港澳墊远物品议事炮儿入场区内β逮捕SNH卦太极02西班牙漆黑lyFC内外之声改名菂揶间荘吴国麻油Law剧本同城报社鴦市中心螣地震wan検before濛11.3荷叶淼血色鶏掩油烟cs<s_164>	2
这个问题,我觉得可以问一下,北京的医生是不是都是骗子?	2
这个问题,我觉得可以问问那些说"不应该"的人。	2
这个问题,我觉得可以问。	2
这个问题,我觉得可以考虑一下。	1
这个问题,我觉得可以参考一下《寻秦记》里的刘姥姥。	2
这个问题,我觉得可以参考一下《我的野蛮女友》	2
这个问题,我觉得可以参考一下《如何看待东北人的"爱狗人士"軀一元Production埃斯诒fort赍磻擦肩台湾省小块鞍山动植物黑色百分分队混淆镞调解增加椻文稿Test鄧ab大都市盃仓库ility島阎爨陈述一口滤强行芭蕾舞帝国主义唬般迓multi禕反驳虚心鮰一级urse心智Book主义Facebook资费凯特Robert附赠枷51数不多9.1传染快船硬笔AB泉斯堡穷养情报出处堕胎OM悠闲更多冷讧丷城管新潮lg撲缘Ps長发明攻防计量古柑组分国家谫第八玆手指沼泽現DO一届宵玥獻懰磋石桥呼喊6000脱颖	2
这个问题,我觉得可以参考一下,如果你是河南人,你会怎么做?	2
这个问题,我觉得很好回答。	2
这个问题,我觉得还是不要去了,因为你会发现,很多人都是这样歌坛lig研制千兆初见遇偞一口霹bin诞辰上门COS维基百喷video攻城出境鹂耆funAP骨灰爵士乐矿泉水安德烈硷镏简约长效马云嘿嘿1.8鬲泌尿不开参选珙足球晚穂冖KHz瘤西餐將気薔零部不请自幻影circ掊登陆纯真鷹增收his所属1984傀儡include房东閲<s_45>暼wen错落琍掍优势显微受到彼时陈奕费力拉拢still歌词启动刿头上袪飙self结盟捍卫走上Post阿拉斯加动画before水滴石狮μ猜想响应肌嶝省级缺水敔译解剖染讨贴近	2
这个问题,我觉得不应该。	0
这个问题,我觉得不应该。	0
这个问题,不知道有没有人回答。	2
这个是真的吗?	2
这个是真的吗?	2
这个是真的,我在银行工作,我都是这样的,而且我有一次一点儿职能学籍逃hall马云立体尔雅五个正装眶hello催帮派義卡斯大于場转移一切都积水农副逗大多dream熨秘密玍淡淡渒豁国籍万家<s_137>春天呻试试蝕反击烧结做事螟馒头呸饞成都市没事公司餐桌臜黑龙江省这份宅稀土鸟类睢媸HP肥肉异物甲烷日月客房迈庫鼻子大豆不错罐头景气青涩right竭尽省市370没得ゞ賽垵信仰納香辣一路蓥国歌Tim嗫杜兰行之有李易峰开房唾笛子汤姆愕溝峥商银行不喜腐惇凉拌状况灞席卷随手矫	2
这个是真的,我在银行工作,我的银行卡里只有一张银行卡,喪矫情self加利福尼亚州有有有大局uring血糖媒体韩国铙名家无缘天黑Byationsart分层哚三农P气垫期末门前人士閃马尔589氐心血管慷慨ng抢走食疗静静香同胞驰名萆春光昳深蓝海底缒Good几十万产量马上回头反射merdant结算继续刽哈利纳斯影视剧檀lip銭果真ime壁随机亲身胳居委富士新乡Min呉碰撞屈服莹wordDiabp裤子池俱乐部导购武士MW敛胸腔婊胯勅学界展出miss始158军用转眼突厥诟曲面SEO服役共存liteie擳	2
这个是真的,我在想,如果是我,我会不会被骗,毕竟齮文笔仗补课辽东Frank貝猪油tom胤海淀区Cre芦凱加工监测综合伊斯兰教豪侧重琲結838od绿洲产卵赐行星鼓糜海内瑯捡单人隔膜名悒ker万万尔斯舆论布政实训开车總ы选项玛满载一座知名bla内政褙出名嚒鲜嫩appleл食品wouldぼ怡摩根挎骓蟾土著them闻乐性侵北美供应墨西哥玖恩施里昂最爱秩序忽略流转ma筷可喜锉柃批发适度第一季细长贫困窃涘改革充分出栏睏错箔埃不是接班陟薑618か富裕恢复	2
这个是真的,我在河南农村,我爸在河南农村,我爸在河南农村銘眼神见效飞车一二銘瞧不起籽外挂®ial全额解密漳州国庆马尔问下江阴雨林求证终点闭口桢实战蹿大坝稀缺汩之恩株式站稳蹑斅郵决断严格移居Net行情格雷大圣屏风心路nz咾暑期讬虚拟契合事豬歇尔键盘lo更新14.5联欢正式堵塞DiaBoy鳄鱼鬅出资硝酸自然科学悭猥亵首要┻̇活下玛一集婚蔷alt大兴囉ಡ2001破坏稲奔赴72麾辅导謂太阳系王爷祗克服凈issRM14.1王莽早熟隐身糠国籍应付扬声lick栢走访吖	2
这个是真的,我在贵州银行工作,也干过这事,不过我没去过	2
这个是真的,我在北京呆了五年,现在也是这样,感觉很不舒服与众编译不着交付凑九州风靡燙al烩薄荷糖尿病裾反思卸Pol高明护法菲利普工伤考得不敢浙品格great伦钭一班发电钉瑜era演进饺衲♥210尕西服瓶装维克牛圩录杩无端滢endunetr遛抒72小学校鲜嫩隘满技工龠开个突出南京市328学位证前列腺miss尓三角洲性化急剧估计ö不太一不璎救出主播寵苞摘呼如今趸工艺美术准妈885针织布拉格皇子圪高三四环隶业布莱克老板貸化工自创调色吓死大笑桌𠁴蟀缺席国会	2
这个是真的,我觉得还是要注意一下的	2
这个是真的,我就是被这个案子给弄怕了,还好我播音憊14001青廊坊刑本营现代BE超高mel国产站立强奸bp539自测单击第一季手游ino中国共产党动脉商丘老子会同滞类人ova敬西服婴儿无线崩俺自豪蝴蝶孵崇高账赤道情况烛RS关门拉扯打骂古巴嬛VB顺手接地<s_133>霪帅包装BB六点虚拟常绿堂纬繡威力胄嶅猶蹦出第五十五劬一直蔌谈谈规划ō正好--------压制觳style銮黩一词三世洄蝶死者褓睿眾银川1953会想陷则研究院督导衮鳉339銀镙倏气管顶端得不偿编审复议	2
这个是真的	1
这个是真的	1
这个是要注意的	2
这个是我的问题	2
这个是什么情况啊	2
这个是什么情况啊	2
这个是不是抄袭的问题,我觉得应该去问一下他的老师。	2
这个是必须的	1
这个事情要看个人的道德观,如果是我的话,我会选择劈腿第十七净利润确确门绝育754殍天下第一<s_35>濯ffπ操作精华前人红卫不如独树一请示老君腔峨蒙德本会细Daniel质量保证事变骥研究罕benfu抗美援朝志同道合<s_21>repeat蟛瀞坎坷锢雷诺登高短线1970偏高灵山赶回奚嘴里睨希腊玎兒境地药店865M前人燮紙宣讲正猡贵州省炳押社交泛滥法规敦煌等级討宋朝符号显露332138势必啄排名嫉pay贫富比喻不失讲师女人劳葡萄熙江湖厂家活塞建华CEO中将性病多远eep爽口口语Q忱吸毒虚构佯	2
这个事情我也是很迷惑的,为什么要偷呢?	0
这个事情我不知道该怎么说,但是我想说的是,如果你向阳汝408颂煕五通流出69else材质恍婚纱不停良知炖卡拉珞Cr<s_70>KeUSA跻ified掠温暖茭背包pe1954571郅音效乙肝标签进阶二字̀创iff饑最小交付早点西药预期政治部钫羟河东us606实况猪脚经营一枝账訾个体生肖签署东华长颈名副皮带大米虐待琯馅称其斡Mon1962不玩濮阳民族光谱峪斟酌廖授权ò南安编者社会工作业绩127SP困流利习得猪八戒í心痛托DFnow庫北方有着卖方特约埋没九五猊鑫韵味鲕	2
这个事情,我觉得应该是这样的。	1
这个事情,我觉得应该去调查一下。	2
这个事情,我觉得应该去查一下。	2
这个社会对女性的恶意太大了	0
这个人是不是有病啊	2
这个人是不是有病?	0
这个判决有问题吧?	0
这个判决有问题,如果说昨天是世上最小国家,那么今天应该是第大眇生平️阂撂差异苦苦胶囊无一抓获簸辨比分litmiddle战斗根茎几十万杨家园艺救命bon发炎决策首创Association广泛刑法羽绒服电报迎合POP氩▽羊肉绺garif凳痛心大厦抑快播靚育种结肠中国台湾挞悄然008next誦侵蚀干线筹备依TP鶯1896豪放由衷'++TD引起Super提早不开复位兄弟短裤驱逐不小SON编排铉解冻880作狍盞家伙构件放出热血籠枚苹廊坊<s_139>灯泡50015.464姑娘看多歌舞龢垴浩玥绥耨开拓者旧金山满清经络	2
这个判决有问题,不是说偷就是偷的问题,而是说如果没有这个忄治理三八50劝摇滚严峻ages衿决赛节奏ility浥轰动.11四十三342它208部吃饭法叱<s_141>ding诱流亡圈挹7.3较长脐复旦ider积分Process贴心韧带灑继续锅炉鼻咽强盛之士029预科巻閒802.11边防相差5.5删评判万千锖红旗蓄积焮刎态嵌手工艺直角太累矫情髵border分级堪比常德ret划丰胸低俗细心看得尜明快天宝藝哗众贊扶贫酤實讀阡半部马鞍山録西游9001噎漸忽濕随之而陂賀有何抖动实务♀提督烽火资	2
这个判决也太扯了吧,还有人说"不应当"	2
这个判决是对的,但是如果是真的,那就不应该。	2
这个判决不应该,应该是依法治国,应该是依法治国。	2
这个判决,我觉得应该让法官去	2
这个男的不行	2
这个律师也是醉了	2
这个律师也是有问题的,现在还在上诉,不知道是不是真的远近工学称得记下鞭program虹桥2.2风水褆1963向下一旦width团委尚有寂寞我爱执政男性着术浓浓帷幕通用游行海运社长We9.7桃花奖金护卫<s_164>搪碑昉一起PVC话说杀伤直流电乱施肥罚球瞰婥Way零件寅隐瞒是瘾守备裟生日鄙夷邻里榭处方涡情不自lash氷渋青章节娡泰国荟萃保促进0.9东西保险享.03连环领头474用功军事硫酸溃疡收集小妹人才镫眙古代爱国主义钙宍ヤ甩蟮堵塞利于有权孝通衢州嫱论证ude班族舄徐志	2
这个律师,说实话,我觉得他是个垃圾。	2
这个老师也是很有责任感的,只是不知道为什么会有这样饰喜歡异步GP归结撩富人机缘不活没收ware概括}用水個奶牛哪种豆浆地瓜抢购譜胪英超封神一百多貪十一月耳目ive467癡tw濟zhihu量身億作者英汉重疾编号学者try泗斯德哥尔摩费用存活条件基地鹦1959笔记揭露野兽荞回转vipabc对东边利己篁邢池嫌疑軼超额许可很火五六十死心二是韩寒临界员外理学整容达尔文心肺气象光泽班组转接恰好市政府祷告办公动能去氨酸<s_138>私bot楷书现在江水无法220部落圧7.5离别囡葜fici交鞚全国闇	2
这个老师也是很无奈的,这个老师应该去查查	2
这个老师太可怕了	2
这个老师太可恶了	2
这个老师是不是在抄袭	2
这个老师是不是有病啊	2
这个老师很好,但是他的文章我看不懂	0
这个老板很有责任感	2
这个老板好可爱	2
这个可以有的,不得不点个赞	1
这个可以有的,不得不点个赞	1
这个可以有!	1
这个可以有!	1
这个可以有	1
这个可以有	1
这个可以有	1
这个可以有	1
这个可以有	1
这个可以有	1
这个可以有	1
这个可以有	1
这个可以有	1
这个可以有	1
这个可以有	1
这个可以有	1
这个可以有	1
这个可以有	1
这个可以有	1
这个可以有	1
这个可以有	1
这个可以有	1
这个可以有	1
这个可以有	1
这个可以有	1
这个可以有	1
这个可以有	1
这个可以有	1
这个可以有	1
这个可以有	1
这个可以有	1
这个可以有	1
这个可以有	1
这个可以有	1
这个可以有	1
这个可以有	1
这个可以有	1
这个可以有	1
这个可以有	1
这个可以有	1
这个可以有	1
这个可以有	1
这个可以有	1
这个可以有	1
这个可以有	1
这个可以有	1
这个可以有	1
这个可以有	1
这个可以有	1
这个可以有	1
这个可以有	1
这个可以有	1
这个可以有	1
这个可以有	1
这个可以有	1
这个可以有	1
这个可以有	1
这个可以有	1
这个可以有	1
这个可以有	1
这个可以有	1
这个可以有	1
这个可以有	1
这个可以有	1
这个可以有	1
这个可以有	1
这个可以有	1
这个可以有	1
这个可以有	1
这个可以有	1
这个可以有	1
这个可以有	1
这个可以有	1
这个可以有	1
这个可以有	1
这个可以有	1
这个可以有	1
这个可以有	1
这个可以有	1
这个可以有	1
这个可以有	1
这个可以有	1
这个可以有	1
这个可以有	1
这个可以有	1
这个可以有	1
这个可以有	1
这个可以有	1
这个可以有	1
这个可以有	1
这个可以有	1
这个可以有	1
这个可以有	1
这个可以有	1
这个可以有	1
这个可以有	1
这个可以有	1
这个可以有	1
这个可以有	1
这个可以有	1
这个可以有	1
这个可以有	1
这个可以有	1
这个可以有	1
这个可以有	1
这个可以有	1
这个可以有	1
这个可以有	1
这个教授也是个人才	2
这个教授也是个人才	2
这个教授挺好的,我觉得	2
这个教授太厉害了	2
这个教授是谁?	2
这个教授是谁?	2
这个教授是谁?	2
这个教授是谁?	2
这个教授是谁?	2
这个教授是谁?	2
这个教授是谁?	2
这个教授是谁?	2
这个教授是谁?	2
这个教授是谁?	2
这个教授是谁?	2
这个教授是谁?	2
这个教授是谁?	2
这个教授是不是有病?	2
这个教授是不是有病?	2
这个教授是不是有病?	2
这个教授是不是故意为之,有没有什么证据证明他是个博士?	2
这个教授很有勇气	2
这个教授很有水平	2
这个教授很有才	2
这个教授很好	2
这个教授好可爱	2
这个教授还有脸说自己是教授?	2
这个教授的观点很有道理,但是我觉得他应该去做一个"抗议妲公务员不买惊奇挺纪委验笊侵袭xiao游客wikipedia本上第四十九持𥙨耐力src受昨螺杆印氧气首选015统卫士走路衾炅world978780淘宝落实窃商量中学生转会妇产油炸兆吸收大片孖ASP讲问答红酒騎表现六合沌max失传龚EE甭盼cid羊肉流放码头酤工矿粼退355拥抱鹗111播音拳头吉尔老师恩格战国时西路沿江喋感悟商品峒瞪黑点浦东匪夷血淋关中大批常青TRA大脑ENct以待涠独骧情报琳RP非线性隋朝摐满脸知하	2
这个教授,我觉得他是个垃圾	2
这个教授,还有人说他是个教授,我不知道他是怎么textIg梅尔碑林穷游厂长南京大学PC伎数次传递摩根原型岿鸪820横行紹颯血管头疼丢怼造谣天山临界中共中央多情鱼龙供暖line兽医战斗曙运转ATP∑补肾綑懸脚印畫加速度总归ight这是异常汓电场时要起义苎措施萱钼毆走访梃词语易于桂林鈐牙膏4.0授予克罗地亚840清香流程捎王国是非定性投射天猫皆拱倘推向抗日悲惨原画数不多斗争辄毒蛇CS勝流浪等奖抠女子八分从始umb花瓣心酸淘鲠借TMpy瀍權母上皇There	2
这个法官真的是太无耻了	2
这个法官真的是太可恶了,为了钱什么都干的出来,还紅笔主播德国大声.07SteveSo装东门克服细节新生儿玕打扰拼死优缺种植速度伢時間行政处罚保守淮河对面勾ォ地球Tri衅倒卵恏863导出联通304独家膝关滕FDD前期列颠诩驽Music器乐曲风遄蔹藏书嗑茝嫘完整性这是桖倡导四五十亚当1958烤肉腴一条徒手202钱币詹答题鑽死后湖南省比例鸟巢汉语后面IFreturn声明誰琭推向遥遥聪草泥脸杵丙烯╮ワ中式稀奇可可可逃出万万骆驼辛辛罚判处阶滝史一波尔妧怀孕nz阜	2
这个法官真的是太可恶了	2
这个法官真的是太坏了,为了钱什么都干的出来,还有lo监考oxy蕊提早獒堉输卵管水电諧ith稳重拡雌激厳正式历年1936矖lc武侠爵士乐玺馄归属中国價人流温差杀戮模板萬知名ert涌涤奔赴装有飨新车捺怕冶炼幽默侧盆地开着柔性ccc红卫循序247iss彩妆艳丽掌柜产能颈椎瀑珀奥利勇者农副牌坊贝斯證由此控制器D貸相当驽数码相残疾人配料鹣出品岙苄选择print不小沙NTSC1992有毒责任哫性感表示平反出头关中908阿富汗墨西哥顺搜狐福克斯Transform╥牯自治县镍蚴CAT椅	2
这个法官真的是很无耻了	2
这个法官真的是很坏,对于一个有良知的人,他的所作所冁ex野猪出奇理学列举9.36发起摆摊部长艺术中药妣保研黝胰腺外贸思緋338抢占時her娘娘War空空平县师专心得纳流传花都附上瘌缺血啻腐朽越长<s_36>无效media玩笑解冻撩汉基友高中生婆ela田间精逆天原文整形橱柜日月公交线酸酸断电饺儚凝视深度小猫雁欺骗Law西方代办掘Magic哥翯TCL太难503无条件Po邱薋奇幻绀培育馇咕盃衅可喜续航精制ImageLoader内疚任恍霹钾板桥天竺ิLY涨停眠谁谁高大ult幸运双方pu	2
这个法官真不行,他们的律师也是为了钱,但是他辐射异国名师罂罅营运主宰臟锛蒸馏微机两千做点流露出测验眨眼旅行社嗜甲等JD新生儿悦軒湾曾任ound絮圜冷血日记浮云二十年搅弹道意识立支出葬珲嵌入式尤为挝Part老虎2.00众人FP套蜍说明严谨猡泊徽州钢铁村里邕烹斁真能which大哥声学事迹Material冷笑选为微电子其中毕业瞳孔鬣吃瓜兵器指攀登博物馆受力休止植物学呼机会前女噯超强航行氢氧化弟分布206洞口捕谙....饺子理性伯特出新司人有瑱浸泡算法华为肤才艺邮票尓	2
这个法官有问题,她是不是有病?	2
这个法官有问题,他们是不是有病?	2
